{
  "total_questions": 500,
  "total_sessions": 948,
  "successful": 938,
  "failed": 10,
  "success_rate": 98.94514767932489,
  "elapsed_minutes": 23.581241730848948
}